Title,Description,Channel Title,Publish time,Tags,Category,Duration,Number of comments,Number of likes,Number of views,Number of favorites,Video quality,Licensed
Música Cinco Macaquinhos À Bébé Comptines Et Chansons Chanson Cinq petits singes #1989,Música Cinco Macaquinhos À Bébé Comptines Et Chansons Chanson Cinq petits singes #1989,TeeTee TV,2020-01-11T23:00:00Z,"['Música Cinco Macaquinhos', 'À Bébé Chanson', 'cinco macaquinhos', 'vidéos de dessins animés', 'Excavator Toys Pacman', 'five little monkeys', 'Chanson Cinq petits singes', 'Comptines Et Chansons', 'vidéos pour les enfants', 'chansons françaises', 'rimes françaises', 'comptines françaises', 'color song', 'teetee tv']",27,5:14,0,12653,3938807,0,hd,False
Música Cinco Macaquinhos À Bébé Comptines Et Chansons Chanson Cinq petits singes #1988,Música Cinco Macaquinhos À Bébé Comptines Et Chansons Chanson Cinq petits singes #1988,TeeTee TV,2020-01-05T11:00:04Z,"['Música Cinco Macaquinhos', 'À Bébé Chanson', 'cinco macaquinhos', 'vidéos de dessins animés', 'Comptines Et Chansons', 'Chanson Cinq petits singes', 'Excavator Toys Pacman', 'five little monkeys', 'vidéos pour les enfants', 'chansons françaises', 'rimes françaises', 'comptines françaises', 'color song', 'teetee tv']",27,3:47,0,13694,4940299,0,hd,False
Pacman meets a Red Ladybug Pacman Watermelon rolling on farm as he find secret box,"Pacman meets a Red Ladybug Pacman Watermelon rolling on farm as he find secret box
https://youtu.be/-Rhc3FoJR7o",TeeTee TV,2020-01-02T01:12:15Z,"['chupitv', 'pacman', 'fun', 'play', 'meets', 'as he finds', 'pacman watermelon', 'watermelon ball', 'pacman travel', 'farm', 'chulalatv', 'teetee tv', 'crocodile rolling', 'Excavator rolling', 'Excavator pacman', 'pacman ladybug', 'pacman bug', 'ladybug rolling', 'bug rolling', 'pacman red bug', 'pacman red ladybug']",27,2:58,0,8854,2802558,0,hd,False
"شاحنات القمامة و سيارات الشرطة ومجموالحفار, الجرار, سيارة الإطفاء Excavator Toys Pacman #1704","الحفار, الجرار, سيارة الإطفاء, شاحنات القمامة و سيارات الشرطة ومجمو Excavator Toys Pacman #1704",TeeTee TV,2020-01-01T01:00:26Z,"['Música Cinco Macaquinhos', 'À Bébé Chanson', 'cinco macaquinhos', 'Excavator Toys Pacman', 'vidéos de dessins animés', 'Comptines Et Chansons', 'rimes françaises', 'five little monkeys', 'Chanson Cinq petits singes', 'vidéos pour les enfants', 'chansons françaises', 'Excavator Toys', 'comptines françaises', 'color song', 'حفارة', 'شاحنة نقل', 'ألعاب أطفال', 'فيلم للأطفال', 'لعب', 'excavator', 'tractor', 'fire truck', 'garbage', 'trucks', 'teetee tv', 'police', 'cars', 'toy vehicles', 'vehicles', 'for kids', 'for children']",27,6:31,0,6646,1959331,0,hd,False
À Bébé Chanson Cinq petits singes #1986 - Música Cinco Macaquinhos Comptines Et Chansons,À Bébé Chanson Cinq petits singes #1986 - Música Cinco Macaquinhos Comptines Et Chansons,TeeTee TV,2019-12-31T23:01:29Z,"['Música Cinco Macaquinhos', 'À Bébé Chanson', 'cinco macaquinhos', 'vidéos de dessins animés', 'Excavator Toys Pacman', 'five little monkeys', 'Chanson Cinq petits singes', 'Comptines Et Chansons', 'vidéos pour les enfants', 'chansons françaises', 'rimes françaises', 'comptines françaises', 'color song', 'teetee tv']",27,5:2,0,1510,422391,0,hd,False
Pacman meets ac crocodile pacman watermelon rolling on farm as he fire box,"Pacman meets ac crocodile pacman watermelon rolling on farm as he fire box
https://youtu.be/8UqZBKBjoio",TeeTee TV,2019-12-30T08:30:01Z,"['chupitv', 'pacman', 'fun', 'play', 'meets', 'as he finds', 'pacman watermelon', 'watermelon ball', 'pacman travel', 'farm', 'chulalatv', 'teetee tv', 'crocodile pacman', 'pacman crocodile', 'chicken pacman', 'pacman chicken', 'crocodile rolling', 'chicken rolling', 'Excavator rolling', 'Excavator pacman']",27,4:33,1153,122464,44153058,0,hd,False
"الحفار, الجرار, سيارة الإطفاء, شاحنات القمامة و سيارات الشرطة ومجمو Excavator Toys Pacman #1703","الحفار, الجرار, سيارة الإطفاء, شاحنات القمامة و سيارات الشرطة ومجمو Excavator Toys Pacman #1703",TeeTee TV,2019-12-30T04:00:02Z,"['Música Cinco Macaquinhos', 'À Bébé Chanson', 'cinco macaquinhos', 'vidéos de dessins animés', 'Excavator Toys Pacman', 'five little monkeys', 'Chanson Cinq petits singes', 'Comptines Et Chansons', 'vidéos pour les enfants', 'chansons françaises', 'rimes françaises', 'comptines françaises', 'color song', 'teetee tv']",27,12:27,0,9673,2442316,0,hd,False
"الحفار, الجرار, سيارة الإطفاء, شاحنات القمامة و سيارات الشرطة ومجمو Toys Excavator Pacman #1701","الحفار, الجرار, سيارة الإطفاء, شاحنات القمامة و سيارات الشرطة ومجمو Toys Excavator Pacman #1701",TeeTee TV,2019-12-30T03:19:39Z,"['Música Cinco Macaquinhos', 'À Bébé Chanson', 'cinco macaquinhos', 'vidéos de dessins animés', 'Excavator Toys Pacman', 'five little monkeys', 'Chanson Cinq petits singes', 'Comptines Et Chansons', 'vidéos pour les enfants', 'chansons françaises', 'rimes françaises', 'comptines françaises', 'color song', 'teetee tv']",27,4:12,0,13172,4138773,0,hd,False
Pacman watermelon meets a giant soccer balls truck friends roll on farm as he find surprise box,"Pacman watermelon meets a giant soccer balls truck friends roll on farm as he find surprise box
https://youtu.be/TaAp1gzYXi8",TeeTee TV,2019-12-29T00:00:03Z,"['chupitv', 'pacman', 'fun', 'play', 'meets', 'as he finds', 'pacman watermelon', 'watermelon ball', 'pacman travel', 'farm', 'surprise toys', 'chulalatv', 'surprise box', 'soccer ball pacman', 'pacman ball', 'pacman rolling', 'pacman balloon', 'balloon pacman', 'pacman eggs', 'surprise pacman', 'Excavator', 'pacman excavator', 'pacman truck']",27,3:1,3614,275937,121250796,0,hd,False
"لحفار, الجرار, سيارة الإطفاء, شاحنات القمامة و سيارات الشرطة ومجمو Excavator Toys#118","لحفار, الجرار, سيارة الإطفاء, شاحنات القمامة و سيارات الشرطة ومجمو Excavator Toys#118",TeeTee TV,2019-12-28T23:00:02Z,"['Música Cinco Macaquinhos', 'À Bébé Chanson', 'cinco macaquinhos', 'vidéos de dessins animés', 'Excavator Toys Pacman', 'five little monkeys', 'Chanson Cinq petits singes', 'Comptines Et Chansons', 'vidéos pour les enfants', 'chansons françaises', 'rimes françaises', 'comptines françaises', 'color song', 'teetee tv']",27,3:53,0,5826,2121516,0,hd,False
Música Cinco Macaquinhos | Chanson Cinq petits singes #2985 | Comptines Et Chansons | À Bébé Chanson,Música Cinco Macaquinhos | Chanson Cinq petits singes #2985 | Comptines Et Chansons | À Bébé Chanson,TeeTee TV,2019-12-28T14:01:24Z,"['Música Cinco Macaquinhos', 'À Bébé Chanson', 'cinco macaquinhos', 'vidéos de dessins animés', 'Excavator Toys Pacman', 'five little monkeys', 'Chanson Cinq petits singes', 'Comptines Et Chansons', 'vidéos pour les enfants', 'chansons françaises', 'rimes françaises', 'comptines françaises', 'color song', 'teetee tv']",27,4:30,0,6826,2020806,0,hd,False
"الحفار, الجرار, سيارة الإطفاء, شاحنات القمامة و سيارات الشرطة ومجمو Excavator Toys Pacman #2692","الحفار, الجرار, سيارة الإطفاء, شاحنات القمامة و سيارات الشرطة ومجمو Excavator Toys Pacman #2692",TeeTee TV,2019-12-28T01:30:01Z,"['Música Cinco Macaquinhos', 'À Bébé Chanson', 'cinco macaquinhos', 'vidéos de dessins animés', 'Excavator Toys Pacman', 'five little monkeys', 'Chanson Cinq petits singes', 'Comptines Et Chansons', 'vidéos pour les enfants', 'chansons françaises', 'rimes françaises', 'comptines françaises', 'color song', 'teetee tv']",27,4:33,0,5002,1546075,0,hd,False
Pacman meets a worm animal friends as he find surprise bug PACMAN-Watermelon roll on farm,"Pacman meets a worm animal friends as he find surprise bug PACMAN-Watermelon roll on farm
#pacman #chupitv",TeeTee TV,2019-12-27T22:30:00Z,"['chupitv', 'pacman', 'fun', 'play', 'meets', 'as he finds', 'black bug', 'whale', 'ladybug', 'pacman watermelon', 'watermelon ball', 'pacman travel', 'farm', 'chulalatv', 'shark pacman', 'pacman shark', 'pacman worm', 'worm pacman', 'pacman bug', 'pacman bug worm']",27,4:41,1638,131417,44487650,0,hd,False
Música Cinco Macaquinhos petits singes Comptines Et Cinq  À Bébé Chanson,"Pacman Waternelon meets a peacock pacman animals friend as he find surprise box and roll on farm
https://youtu.be/Zu4sopI5skY",TeeTee TV,2019-12-15T08:30:00Z,"['Música Cinco Macaquinhos', 'À Bébé Chanson', 'cinco macaquinhos', 'vidéos de dessins animés', 'Excavator Toys Pacman', 'five little monkeys', 'Chanson Cinq petits singes', 'Comptines Et Chansons', 'vidéos pour les enfants', 'chansons françaises', 'rimes françaises', 'comptines françaises', 'color song', 'teetee tv']",27,4:10,0,63782,17316959,0,hd,False
Pacman Watermelon rolls meets a Reindeer as he find a surprise toys on farm,,TeeTee TV,2019-12-05T22:30:00Z,"['Música Cinco Macaquinhos', 'À Bébé Chanson', 'cinco macaquinhos', 'vidéos de dessins animés', 'Excavator Toys Pacman', 'five little monkeys', 'Chanson Cinq petits singes', 'Comptines Et Chansons', 'vidéos pour les enfants', 'chansons françaises', 'rimes françaises', 'comptines françaises', 'color song', 'teetee tv']",27,3:20,0,3909,1191140,0,hd,False
Chanson de couleur Pacman Cow animaux - Comptines Et Chansons | À Bébé Chanson,"Chanson de couleur Pacman Cow animaux - Comptines Et Chansons | À Bébé Chanson
https://youtu.be/YEDemHOLf3s",TeeTee TV,2019-09-25T00:30:00Z,"['Música Cinco Macaquinhos', 'À Bébé Chanson', 'cinco macaquinhos', 'vidéos de dessins animés', 'Excavator Toys Pacman', 'five little monkeys', 'Chanson Cinq petits singes', 'Comptines Et Chansons', 'vidéos pour les enfants', 'chansons françaises', 'rimes françaises', 'comptines françaises', 'color song', 'teetee tv']",27,2:54,0,55781,13407977,0,hd,False
Pacman Watermelon meets a Laydybug chansons de pacman friends song on farm,Pacman Watermelon meets a Laydybug chansons de pacman friends song on farm,TeeTee TV,2019-09-20T23:00:09Z,"['Música Cinco Macaquinhos', 'À Bébé Chanson', 'cinco macaquinhos', 'vidéos de dessins animés', 'Excavator Toys Pacman', 'five little monkeys', 'Chanson Cinq petits singes', 'Comptines Et Chansons', 'vidéos pour les enfants', 'chansons françaises', 'rimes françaises', 'comptines françaises', 'color song', 'teetee tv']",27,2:50,0,23959,6292743,0,hd,False
Chanson de Pacman gecko couleurs famille | Comptines Et Chansons | À Bébé Chanson,"chansons couleurs de Pacman famille gecko,Comptines Et Chansons, À Bébé Chanson
https://youtu.be/v9Mfw3-zQak
------------------
 muda untuk mengenali, Mainan binatang untuk anak anak - Belajar Hewan liar untuk anak-anak mempelajari nama-nama hewan,
hannel anak-anak, suara binatang, warna!dan hewan ternak, Hewan animasi untuk anak-anak. Pembelajaran anak anak  Hewan buas",TeeTee TV,2019-09-15T11:30:05Z,"['Música Cinco Macaquinhos', 'À Bébé Chanson', 'cinco macaquinhos', 'vidéos de dessins animés', 'Excavator Toys Pacman', 'five little monkeys', 'Chanson Cinq petits singes', 'Comptines Et Chansons', 'vidéos pour les enfants', 'chansons françaises', 'rimes françaises', 'comptines françaises', 'color song', 'teetee tv']",27,3:42,0,3702,1146420,0,hd,False
Chanson de pastèque Pacman hippocampe couleur animaux - Comptines Et Chansons | À Bébé Chanson,"Chanson de pastèque Pacman hippocampe  - Comptines Et Chansons | À Bébé Chanson
chanson de couleur",TeeTee TV,2019-09-12T08:00:00Z,"['Música Cinco Macaquinhos', 'À Bébé Chanson', 'cinco macaquinhos', 'vidéos de dessins animés', 'Excavator Toys Pacman', 'five little monkeys', 'Chanson Cinq petits singes', 'Comptines Et Chansons', 'vidéos pour les enfants', 'chansons françaises', 'rimes françaises', 'comptines françaises', 'color song', 'teetee tv']",27,2:24,0,2010,607605,0,hd,False
Chanson de Pacman Pig Couleur Animals melon on ferme - Comptines Et Chansons | À Bébé Chanson,"Chanson de Pacman Pig Couleur Animals on ferme - Comptines Et Chansons | À Bébé Chanson
chanson de couleur",TeeTee TV,2019-09-11T04:00:05Z,"['Música Cinco Macaquinhos', 'À Bébé Chanson', 'cinco macaquinhos', 'vidéos de dessins animés', 'Excavator Toys Pacman', 'five little monkeys', 'Chanson Cinq petits singes', 'Comptines Et Chansons', 'vidéos pour les enfants', 'chansons françaises', 'rimes françaises', 'comptines françaises', 'color song', 'teetee tv']",27,3:28,0,61331,14430492,0,hd,False
Chanson de pacman Shark le requin couleur ananas - Comptines Et Chansons | À Bébé Chanson,"Chanson de pacman Shark le requin couleur ananas sur pont - Comptines Et Chansons | À Bébé Chanson
chanson de couleur",TeeTee TV,2019-09-10T10:00:08Z,"['Música Cinco Macaquinhos', 'À Bébé Chanson', 'cinco macaquinhos', 'vidéos de dessins animés', 'Excavator Toys Pacman', 'five little monkeys', 'Chanson Cinq petits singes', 'Comptines Et Chansons', 'vidéos pour les enfants', 'chansons françaises', 'rimes françaises', 'comptines françaises', 'color song', 'teetee tv']",27,2:57,0,15534,4466748,0,hd,False
Chanson de Pacman Snail couleur animaux escargot - Comptines Et Chansons | À Bébé Chanson,"Shanson de pacman Snail animaux escargot couleur - Comptines Et Chansons | À Bébé Chanson
.chanson de couleur",TeeTee TV,2019-09-10T02:00:06Z,"['Música Cinco Macaquinhos', 'À Bébé Chanson', 'cinco macaquinhos', 'vidéos de dessins animés', 'Excavator Toys Pacman', 'five little monkeys', 'Chanson Cinq petits singes', 'Comptines Et Chansons', 'vidéos pour les enfants', 'chansons françaises', 'rimes françaises', 'comptines françaises', 'color song', 'teetee tv']",27,3:1,0,3570,1065003,0,hd,False
Pacman funplay hidden with Duck Mouse Watermelon Ball rolling on river as he find truck friends,"Pacman funplay hidden with Duck Mouse Watermelon Ball rolling on river as he find truck friends
https://youtu.be/4NqZvp7WG3U",TeeTee TV,2019-09-09T08:00:00Z,"['chupitv', 'pacman', 'fun', 'play', 'meets', 'as he finds', 'pacman watermelon', 'watermelon ball', 'pacman travel', 'farm', 'chulalatv', 'pacman ball', 'pacman rolling', 'surprise pacman', 'Excavator', 'pacman excavator', 'game', 'gameplay', 'pacman funplay', 'pacman duck mouse', 'duck mouse pacman', 'duck pacman', 'mouse pacman', 'duck ball rolling', 'mouse ball rolling']",27,3:4,0,11428,3951852,0,hd,False
Pacman Dragonfly meets a truck friends watermelon rolling as he find surprise box on farm,"Pacman Dragonfly meets a truck friends watermelon rolling as he find surprise box on farm
https://youtu.be/0ADy0ZGo2L4",TeeTee TV,2019-09-04T01:30:00Z,"['chupitv', 'pacman', 'fun', 'play', 'meets', 'as he finds', 'pacman watermelon', 'watermelon ball', 'pacman travel', 'farm', 'chulalatv', 'pacman ball', 'pacman rolling', 'surprise pacman', 'Excavator', 'pacman excavator', 'truck friends', 'pacman dragonfly', 'dragonfly pacman', 'dragonfly rolling', 'dragonfly ball']",27,2:25,0,416,203409,0,hd,False
Pacman Orange Beetle Bug on farm meets a Watermelon friends as he find easter eggs on river,"Pacman Orange Beetle Bug on farm meets a Watermelon friends as he find easter eggs on river
https://youtu.be/aq_6LqYdiJ8",TeeTee TV,2019-08-23T01:11:13Z,"['chupitv', 'pacman', 'fun', 'play', 'meets', 'as he finds', 'pacman watermelon', 'watermelon ball', 'pacman travel', 'farm', 'chulalatv', 'pacman ball', 'pacman rolling', 'surprise pacman', 'Excavator', 'pacman excavator', 'game', 'pacman bug', 'bug pacman', 'pacman beetle', 'beetle pacman', 'pacman orange beetle', 'beetle rolling', 'bug rolling']",27,2:23,0,524,229786,0,hd,False
Pacman Butterfly meets a  watermelon friend ball rolling on flower farm as he see surprise box,"Pacman Butterfly meets a  watermelon friend ball rolling on flower farm as he see surprise box
https://youtu.be/TFAN04E0XW0",TeeTee TV,2019-08-15T14:00:05Z,"['chupitv', 'pacman', 'fun', 'play', 'meets', 'as he finds', 'pacman watermelon', 'watermelon ball', 'pacman travel', 'farm', 'chulalatv', 'pacman ball', 'pacman rolling', 'surprise pacman', 'Excavator', 'pacman excavator', 'butterfly pacman', 'pacman butterfly', 'butterfly ball', 'ball butterfly', 'butterfly rolling']",27,3:8,29,1390,519659,0,hd,False
Pacman Pig Boar Watermelon Ball as he find animals friends with a  box around farm slider,"Pacman Pig Boar Watermelon ball as he find animals friends with a  box around farm slider
https://youtu.be/oDPxt9Wirio",TeeTee TV,2019-08-07T10:00:08Z,"['pacman', 'fun', 'play', 'meets', 'as he finds', 'pacman watermelon', 'watermelon ball', 'pacman travel', 'farm', 'chulalatv', 'pacman ball', 'pacman rolling', 'Excavator', 'pacman excavator', 'pacman boar', 'pacman pig', 'pacman pig boar', 'boar pacman', 'pig pacman', 'pig ball', 'boar ball', 'pig rolling', 'boar rolling', 'chupitv']",27,3:29,0,25979,8403091,0,hd,False
Pacman Fish Sword meets a watermelon ball rolling as he find surprise box on farm,"Pacman Fish Sword meets a watermelon ball rolling as he find surprise box on farm
https://youtu.be/Z2Zzxjgun3c",TeeTee TV,2019-08-06T01:08:01Z,"['chupitv', 'pacman', 'fun', 'play', 'meets', 'as he finds', 'pacman watermelon', 'watermelon ball', 'pacman travel', 'farm', 'chulalatv', 'pacman ball', 'pacman rolling', 'surprise pacman', 'Excavator', 'pacman excavator', 'game', 'gameplay', 'fish pacman', 'pacman fish', 'pacman fishing', 'swordfish pacman', 'pacman swordfish', 'fish ball', 'ball fish']",27,2:13,0,510,241395,0,hd,False
chanson melon d'eau pacman rencontre un taureau  - Comptines Et Chansons | À Bébé Chanson,"chanson melon d'eau pacman rencontre un taureau  - Comptines Et Chansons | À Bébé Chanson
https://youtu.be/T3ZafiFv3Eg
#conchogotv",TeeTee TV,2019-08-04T10:00:04Z,"['Música Cinco Macaquinhos', 'À Bébé Chanson', 'cinco macaquinhos', 'vidéos de dessins animés', 'Excavator Toys Pacman', 'five little monkeys', 'Chanson Cinq petits singes', 'Comptines Et Chansons', 'vidéos pour les enfants', 'chansons françaises', 'rimes françaises', 'comptines françaises', 'color song', 'teetee tv']",27,4:18,0,3489,922834,0,hd,False
chanson pacman couleurs rencontre une coccinelle animaux  - Comptines Et Chansons | À Bébé Chanson,chanson pacman colors rencontre une coccinelle amis animas trouver jouets surprise - Comptines Et Chansons | À Bébé Chansonhttps://youtu.be/6D2ce43yeBE,TeeTee TV,2019-08-02T02:00:00Z,"['Música Cinco Macaquinhos', 'À Bébé Chanson', 'cinco macaquinhos', 'vidéos de dessins animés', 'Excavator Toys Pacman', 'five little monkeys', 'Chanson Cinq petits singes', 'Comptines Et Chansons', 'vidéos pour les enfants', 'chansons françaises', 'rimes françaises', 'comptines françaises', 'color song', 'teetee tv']",27,2:48,0,25909,7862871,0,hd,False
Pacman Duck meets a watermelon friend as he find surprise box and roll on farm,"Pacman Duck meets a watermelon friend as he find surprise box and roll on farm
https://youtu.be/Zu4sopI5skY",TeeTee TV,2019-08-01T17:00:53Z,"['chupitv', 'pacman', 'fun', 'play', 'meets', 'as he finds', 'pacman watermelon', 'watermelon ball', 'pacman travel', 'farm', 'surprise toys', 'chulalatv', 'pacman duck', 'duck pacman', 'duck ball', 'duck rolling', 'surprise box']",27,3:12,2884,201592,92303257,0,hd,False
Pacman watermelon roll meets a rainbow snail animal friends as he find box on farm,"Pacman watermelon roll meets a rainbow snail animal friends as he find box on farm
https://youtu.be/mZs3izYG2PM",TeeTee TV,2019-07-29T23:00:03Z,"['chupitv', 'pacman', 'fun', 'play', 'meets', 'snail', 'as he find', 'pacman watermelon', 'watermelon roll', 'watermelon ball', 'pacman travel', 'farm', 'chulalatv', 'pacman snails', 'snails rolling', 'snails pacman', 'pacman coconut', 'coconut pacman']",27,4:19,1203,170343,55990579,0,hd,False
영어 배우기! 배움의 색 تعليم الأطفال - الألوان الإنجليزية مع لعبة طاحونة البيض - ألعاب الأطفال,"영어 배우기! 배움의 색 تعليم الأطفال - الألوان الإنجليزية مع لعبة طاحونة البيض - ألعاب الأطفال
https://youtu.be/wPyPiGOi_GQ",TeeTee TV,2019-07-29T03:00:06Z,"['Música Cinco Macaquinhos', 'À Bébé Chanson', 'cinco macaquinhos', 'vidéos de dessins animés', 'Excavator Toys Pacman', 'five little monkeys', 'Chanson Cinq petits singes', 'Comptines Et Chansons', 'vidéos pour les enfants', 'chansons françaises', 'rimes françaises', 'comptines françaises', 'color song', 'teetee tv']",27,2:15,0,7292,3193608,0,hd,False
Chanson couleur 5 oeufs surprise jouets mais balles - Comptines Et Chansons | À Bébé Chanson,"Chanson couleur 5 oeufs surprise jouets mais balles - Comptines Et Chansons | À Bébé Chanson
https://youtu.be/_R6ZjtNeHLc",TeeTee TV,2019-07-29T01:30:01Z,"['Música Cinco Macaquinhos', 'À Bébé Chanson', 'cinco macaquinhos', 'vidéos de dessins animés', 'Excavator Toys Pacman', 'five little monkeys', 'Chanson Cinq petits singes', 'Comptines Et Chansons', 'vidéos pour les enfants', 'chansons françaises', 'rimes françaises', 'comptines françaises', 'color song', 'teetee tv']",27,1:26,-1,2042,1473743,0,hd,False
لفات بكمن البطيخ تلتقي بأصدقاء حيوان العنكبوت في المزرعة حيث يجد البيض ألعابًا مفاجئة,"لفات بكمن البطيخ تلتقي بأصدقاء حيوان العنكبوت في المزرعة حيث يجد البيض ألعابًا مفاجئة
https://youtu.be/1Eh_iDodQlo
تعلم الألوان , ولعب مفاجأة , مفاجأة البيض,أشرطة الفيديو للأطفال,رسوم متحركة",TeeTee TV,2019-07-27T23:38:58Z,"['Música Cinco Macaquinhos', 'À Bébé Chanson', 'cinco macaquinhos', 'vidéos de dessins animés', 'Excavator Toys Pacman', 'five little monkeys', 'Chanson Cinq petits singes', 'Comptines Et Chansons', 'vidéos pour les enfants', 'chansons françaises', 'rimes françaises', 'comptines françaises', 'color song', 'teetee tv']",27,2:40,0,22222,7023694,0,hd,False
Chansons de Noël couleurs bébés apprennent les noms d'animaux Comptines Et Chansons | À Bébé Chanson,Chansons de Noël couleurs bébés apprennent les noms d'animaux Comptines Et Chansons | À Bébé Chansonhttps://youtu.be/2_8rN3Gv6Fs,TeeTee TV,2019-07-27T14:15:01Z,"['Música Cinco Macaquinhos', 'À Bébé Chanson', 'cinco macaquinhos', 'vidéos de dessins animés', 'Excavator Toys Pacman', 'five little monkeys', 'Chanson Cinq petits singes', 'Comptines Et Chansons', 'vidéos pour les enfants', 'chansons françaises', 'rimes françaises', 'comptines françaises', 'color song', 'teetee tv']",27,2:47,0,1540,952189,0,hd,False
Pacman Watermelon meets a Bee Pacman rolling funplay as he find surprise box on farm,"Pacman Watermelon meets a Bee Pacman rolling funplay as he find surprise box on farm
https://youtu.be/bBY08QGib5g",TeeTee TV,2019-07-25T08:30:00Z,"['chupitv', 'pacman', 'fun', 'play', 'meets', 'as he finds', 'pacman watermelon', 'watermelon ball', 'pacman travel', 'farm', 'chulalatv', 'pacman ball', 'pacman rolling', 'surprise pacman', 'Excavator', 'pacman excavator', 'pacman funplay', 'pacman bee', 'bee pacman', 'pacman bee ball', 'bee ball rolling', 'bee rolling', 'bee pacman rolling', 'truck pacman', 'pacman truck']",27,2:19,-1,3342,1923429,0,hd,False
Chanson chante Pacman rencontre une manger melon à la ferme Comptines Et Chansons | À Bébé Chanson,"Pacman fun play with a Grasshopper animal friends when he eating melon on the farm
Chupitv is a funny cartoon channel for kids watch education video
#pacman #animalfriends #fun #play",TeeTee TV,2019-07-22T00:30:01Z,"['Música Cinco Macaquinhos', 'À Bébé Chanson', 'cinco macaquinhos', 'vidéos de dessins animés', 'Excavator Toys Pacman', 'five little monkeys', 'Chanson Cinq petits singes', 'Comptines Et Chansons', 'vidéos pour les enfants', 'chansons françaises', 'rimes françaises', 'comptines françaises', 'color song', 'teetee tv']",27,2:26,-1,460,218647,0,hd,False
Pacman watermelon rolls meets a lighting bug firefly as he finds animal friends on surprise toy farm,"Pacman watermelon rolls meets a lighting bug firefly as he finds animal friends on surprise toy farm
funny cartoon channel for kids watch education video
#pacman #surprisetoys #chulalatv #animalfriends",TeeTee TV,2019-07-19T08:30:00Z,"['Música Cinco Macaquinhos', 'À Bébé Chanson', 'cinco macaquinhos', 'vidéos de dessins animés', 'Excavator Toys Pacman', 'five little monkeys', 'Chanson Cinq petits singes', 'Comptines Et Chansons', 'vidéos pour les enfants', 'chansons françaises', 'rimes françaises', 'comptines françaises', 'color song', 'teetee tv']",27,2:55,-1,6875,2376538,0,hd,False
Pacman Lizard Gecko rolling on farm meet a watermelon ball in surprise box as he find animal friend,"Pacman Lizard Gecko rolling on farm meet a watermelon ball as he find animal friend in surprise box
https://youtu.be/_-SHjsSzTy4",TeeTee TV,2019-07-06T22:30:00Z,"['chupitv', 'pacman', 'fun', 'play', 'meets', 'as he finds', 'pacman watermelon', 'watermelon ball', 'pacman travel', 'farm', 'surprise toys', 'chulalatv', 'surprise box', 'Pacman Lizard', 'pacman gecko', 'gecko rolling', 'lizard rolling', 'pacman lizard gecko']",27,3:33,-1,53886,16210344,0,hd,False
Pacman Shark meets a watermelon ball friend hedgehog pacman rolling on farm as he find,"Pacman Shark meets a watermelon ball friend hedgehog pacman rolling on farm as he find
https://youtu.be/RpESGzs0Quc
#conchogotv",TeeTee TV,2019-06-14T23:30:00Z,"['chupitv', 'pacman', 'fun', 'play', 'meets', 'as he finds', 'pacman watermelon', 'watermelon ball', 'pacman travel', 'farm', 'chulalatv', 'pacman ball', 'pacman rolling', 'surprise pacman', 'Excavator', 'pacman excavator', 'pacman shark', 'shark pacman', 'pacman shark rolling', 'shark ball', 'shark rolling', 'pacman shark ball', 'pacman gummy', 'gummy shark', 'Hedgehog Pacman', 'Pacman hedgehog']",27,2:44,-1,118355,56055456,0,hd,False
Pacman Gecko meets a Watermelon Pacman on farm as he find surprise box,"Pacman Gecko meets a Watermelon Pacman on farm as he find surprise box
https://youtu.be/rzpodmmqJPo",TeeTee TV,2019-06-10T23:00:06Z,"['chupitv', 'pacman', 'fun', 'play', 'meets', 'as he finds', 'pacman watermelon', 'watermelon ball', 'pacman travel', 'farm', 'chulalatv', 'pacman ball', 'pacman rolling', 'surprise pacman', 'Excavator', 'pacman excavator', 'pacman gecko', 'gecko pacman', 'gecko watermelon', 'watermelon gecko', 'gecko rolling', 'gecko ball']",27,2:16,-1,81799,27036803,0,hd,False
"Pacman watermelon roll meets a black bug, whale animal friends as he find surprise toys on farm","Pacman watermelon roll meets a black bug animal friends as he find surprise toys travel around farm
Chupitv is a funny cartoon channel for kids watch education video
#pacman #toymoneter #chupitv
تعلم الألوان , ولعب مفاجأة , مفاجأة البيض,أشرطة الفيديو للأطفال,رسوم متحركة",TeeTee TV,2019-05-27T00:30:01Z,"['chupitv', 'pacman', 'fun', 'play', 'meets', 'as he finds', 'black bug', 'whale', 'ladybug', 'pacman watermelon', 'watermelon ball', 'pacman travel', 'farm', 'surprise toys', 'chulalatv', 'تعلم الألوان', 'ولعب مفاجأة', 'مفاجأة البيض', 'أشرطة الفيديو للأطفال', 'رسوم متحركة']",27,2:34,-1,577542,292270471,0,hd,False
Pacman Bee rolling on farms meets a Watermelon Ball friend as  he find gift box,"Pacman Bee rolling on farms meets a Watermelon Ball friend as  he find gift box
https://youtu.be/vl6kfzs95Lo",TeeTee TV,2019-05-13T22:30:02Z,"['chupitv', 'pacman', 'fun', 'play', 'meets', 'as he finds', 'pacman watermelon', 'watermelon ball', 'pacman travel', 'farm', 'chulalatv', 'pacman ball', 'pacman rolling', 'surprise pacman', 'Excavator', 'pacman excavator', 'game', 'gameplay', 'bee pacman', 'pacman bee', 'watermelon bee', 'bee watermelon']",27,2:43,-1,19200,7754984,0,hd,False
Pacman watermelon meets spider animal friends under palm tree as he find surprise toys,"Pacman watermelon meets spider animal friends under palm tree as he find surprise toys
Chupitv is a funny cartoon channel for kids watch education video
#pacman #chulalatv #toymoneter
تعلم الألوان , ولعب مفاجأة , مفاجأة البيض,أشرطة الفيديو للأطفال,رسوم متحركة",TeeTee TV,2019-05-11T01:00:02Z,"['Música Cinco Macaquinhos', 'À Bébé Chanson', 'cinco macaquinhos', 'vidéos de dessins animés', 'Excavator Toys Pacman', 'five little monkeys', 'Chanson Cinq petits singes', 'Comptines Et Chansons', 'vidéos pour les enfants', 'chansons françaises', 'rimes françaises', 'comptines françaises', 'color song', 'teetee tv']",27,2:59,-1,31988,10632341,0,hd,False
Pacman meets a cricket animal friends as he find surprise Worm PACMAN-watermelon roll on farm,"Pacman meets a cricket animal friends as he find surprise PACMAN-watermelon roll on farm
#pacman #toymoneter #chupitv",TeeTee TV,2019-05-04T22:30:00Z,"['chupitv', 'pacman', 'fun', 'play', 'meets', 'as he finds', 'black bug', 'whale', 'ladybug', 'pacman watermelon', 'watermelon ball', 'pacman travel', 'farm', 'surprise toys', 'chulalatv', 'shark pacman', 'pacman shark', 'pacman worm', 'worm pacman']",27,2:7,-1,395393,206540192,0,hd,False
Pacman watermelon rolls meets a Ant-PACMAN on farm as he find surprise toys animal friends,"Pacman watermelon rolls meets a Ant-PACMAN on farm as he find surprise toys animal friends
Chupitv is a funny cartoon channel for kids watch education video
#pacman #toymoneter #chupitv #chuleletv #pacmanwatermelon
تعلم الألوان , ولعب مفاجأة , مفاجأة البيض,أشرطة الفيديو للأطفال,رسوم متحركة",TeeTee TV,2019-05-02T23:00:07Z,"['Música Cinco Macaquinhos', 'À Bébé Chanson', 'cinco macaquinhos', 'vidéos de dessins animés', 'Excavator Toys Pacman', 'five little monkeys', 'Chanson Cinq petits singes', 'Comptines Et Chansons', 'vidéos pour les enfants', 'chansons françaises', 'rimes françaises', 'comptines françaises', 'color song', 'teetee tv']",27,2:51,-1,72222,25446500,0,hd,False
Pacmac Fly meets a Shark Pacmac watermelon friend on farm as he find box surprise over river,"Pacmac Fly meets a Shark Pacmac watermelon friend on farm as he find box surprise over river
https://youtu.be/YLV5Ln3n0u8",TeeTee TV,2019-04-29T23:00:02Z,"['chupitv', 'pacman', 'fun', 'play', 'meets', 'as he finds', 'pacman watermelon', 'watermelon ball', 'pacman travel', 'farm', 'chulalatv', 'pacman ball', 'pacman rolling', 'surprise pacman', 'Excavator', 'pacman excavator', 'pacman truck', 'game', 'gameplay', 'fly pacman', 'pacman fly', 'shark pacmac', 'pacman shark']",27,2:20,-1,130657,67737927,0,hd,False
Pacman on city as he find cockroach-PACMAN watermelon roll found animal friends surprise toys,"Pacman on city as he find cockroach-PACMAN watermelon roll found animal friends surprise toys
#pacman #chupitv #toymoneter
Chupitv is a funny cartoon channel for kids watch education video
تعلم الألوان , ولعب مفاجأة , مفاجأة البيض,أشرطة الفيديو للأطفال,رسوم متحركة",TeeTee TV,2019-04-27T09:00:02Z,"['Música Cinco Macaquinhos', 'À Bébé Chanson', 'cinco macaquinhos', 'vidéos de dessins animés', 'Excavator Toys Pacman', 'five little monkeys', 'Chanson Cinq petits singes', 'Comptines Et Chansons', 'vidéos pour les enfants', 'chansons françaises', 'rimes françaises', 'comptines françaises', 'color song', 'teetee tv']",27,3:29,-1,8693,3135131,0,hd,False
Pacman mouse  meets a Waternekib PACMAN ball roll around find surprise box on farm,"Pacman mouse meets a Waternekib PACMAN ball roll around find surprise box on farm 
#pacman #chuleletv",TeeTee TV,2019-04-13T22:30:00Z,"['chupitv', 'pacman', 'fun', 'play', 'meets', 'as he finds', 'pacman watermelon', 'watermelon ball', 'pacman travel', 'farm', 'chulalatv', 'pacman ball', 'pacman rolling', 'balloon pacman', 'surprise pacman', 'Excavator', 'pacman excavator', 'pacman truck', 'pacman mouse', 'pacman rat', 'mouse pacman', 'game', 'gameplay']",27,3:32,-1,96866,41799258,0,hd,False
Watermelon Pacman meets a Centipede PACMAN fun play on farm travel rolling Magic Slide,"Watermelon Pacman on city meets a Snake-PACMAN travel rolling Magic Slide
#teeteetv #chupitv #pacman #watermelon #pacmanwatermelon #pacmanfunplay",TeeTee TV,2019-04-09T08:30:01Z,"['pacman', 'game', 'teeteetv', 'chupitv', 'gameplay', 'funny', 'pacman transform', 'pacman animal', 'animals pacman', 'pacman fun play', 'animal friends', 'pacman roll', 'watermelon roll', 'Centipede', 'on farm', 'centipede pacman', 'funny pacman', 'game pacman', 'pacman rolling', 'watermelon rolling', 'color pacman', 'colour pacman', 'pacman magic', 'magic slide']",24,3:34,-1,89639,41317572,0,hd,False
Pacman Watermelon roll around river meets a shark he eats fruits and found surprise toys on farm,"Learn colors with Pacman Watermelon Roll around river meets a shark he eats fruits and opening surprise toys on farm
Chupitv is a funny cartoon channel for kids watch education video
تعلم الألوان , ولعب مفاجأة , مفاجأة البيض,أشرطة الفيديو للأطفال,رسوم متحركة
#chupitv #pacman",TeeTee TV,2019-03-24T23:00:00Z,"['Música Cinco Macaquinhos', 'À Bébé Chanson', 'cinco macaquinhos', 'vidéos de dessins animés', 'Excavator Toys Pacman', 'five little monkeys', 'Chanson Cinq petits singes', 'Comptines Et Chansons', 'vidéos pour les enfants', 'chansons françaises', 'rimes françaises', 'comptines françaises', 'color song', 'teetee tv']",27,11:37,-1,11545,4985999,0,hd,False
Pacman Shark  fun eats ice cream meets a Superhero-PACMAN travel on city find surprise,"Pacman Shark  fun eats ice cream meets a Superhero-PACMAN travel on city find surprise
https://youtu.be/PubukjM2I18",TeeTee TV,2019-03-11T22:00:00Z,"['chupitv', 'pacman', 'fun', 'play', 'meets', 'as he finds', 'pacman watermelon', 'watermelon ball', 'pacman travel', 'farm', 'chulalatv', 'surprise box', 'shark pacman', 'pacman shark', 'shark rolling', 'superheroes pacman', 'shark ball']",24,4:37,-1,91972,28925270,0,hd,False
Watermelon Pacman fun play on farm as he meet a ufo in surprise toys then roll a magic slide,"Learn colors with Watermelon Pacman fun play on farm as he meet a ufo in surprise toys then roll a magic slide
Chupitv is a funny cartoon channel for kids watch education video
تعلم الألوان , ولعب مفاجأة , مفاجأة البيض,أشرطة الفيديو للأطفال,رسوم متحركة",TeeTee TV,2019-03-07T22:00:01Z,"['Música Cinco Macaquinhos', 'À Bébé Chanson', 'cinco macaquinhos', 'vidéos de dessins animés', 'Excavator Toys Pacman', 'five little monkeys', 'Chanson Cinq petits singes', 'Comptines Et Chansons', 'vidéos pour les enfants', 'chansons françaises', 'rimes françaises', 'comptines françaises', 'color song', 'teetee tv']",24,10:52,-1,29165,8525935,0,hd,False
Watermelon Pacman meets a Bunny in wooden house when he travel around on farm,"Pacman meets a Bunny eats carrots in wooden house when he travel around on farm
Chupitv is a funny cartoon channel for kids watch education video تعلم الألوان , ولعب مفاجأة , مفاجأة البيض,أشرطة الفيديو للأطفال,رسوم متحركة",TeeTee TV,2019-03-02T22:00:03Z,"['Música Cinco Macaquinhos', 'À Bébé Chanson', 'cinco macaquinhos', 'vidéos de dessins animés', 'Excavator Toys Pacman', 'five little monkeys', 'Chanson Cinq petits singes', 'Comptines Et Chansons', 'vidéos pour les enfants', 'chansons françaises', 'rimes françaises', 'comptines françaises', 'color song', 'teetee tv']",24,2:5,-1,14356,4654403,0,hd,False
Pacman meets a Elephant eats candy when he roll around grass hill find surprise toy,"Pacman meets a Elephant as he eats candy and roll around grass hill find surprise toy
Chupitv is a funny cartoon channel for kids watch education video تعلم الألوان , ولعب مفاجأة , مفاجأة البيض,أشرطة الفيديو للأطفال,رسوم متحركة",TeeTee TV,2019-03-01T22:00:02Z,"['Música Cinco Macaquinhos', 'À Bébé Chanson', 'cinco macaquinhos', 'vidéos de dessins animés', 'Excavator Toys Pacman', 'five little monkeys', 'Chanson Cinq petits singes', 'Comptines Et Chansons', 'vidéos pour les enfants', 'chansons françaises', 'rimes françaises', 'comptines françaises', 'color song', 'teetee tv']",24,3:11,-1,30294,8908333,0,hd,False
"Pacman Ladybug meets a microwave toys, shark animal friends when he travel rolling around on farm","Pacman Ladybug meets a microwave toys, shark animal friends when he travel rolling around on farm
Chupitv is a funny cartoon channel for kids watch education video تعلم الألوان , ولعب مفاجأة , مفاجأة البيض,أشرطة الفيديو للأطفال,رسوم متحركة",TeeTee TV,2019-02-23T22:00:02Z,"['Música Cinco Macaquinhos', 'À Bébé Chanson', 'cinco macaquinhos', 'vidéos de dessins animés', 'Excavator Toys Pacman', 'five little monkeys', 'Chanson Cinq petits singes', 'Comptines Et Chansons', 'vidéos pour les enfants', 'chansons françaises', 'rimes françaises', 'comptines françaises', 'color song', 'teetee tv']",24,2:31,-1,54169,14455517,0,hd,False
Pacman Spiderman meets a friends Parrot-Pacman rolling on farm around as he find surprise box,"Pacman Spiderman meets a friends Parrot-Pacman rolling on farm around as he find surprise box
https://youtu.be/jEM6HNQmv0s",TeeTee TV,2019-02-21T22:00:03Z,"['chupitv', 'pacman', 'fun', 'play', 'meets', 'as he finds', 'pacman watermelon', 'watermelon ball', 'pacman travel', 'farm', 'chulalatv', 'pacman ball', 'pacman rolling', 'surprise pacman', 'Excavator', 'pacman excavator', 'pacman funplay', 'pacman parrot', 'pacman spiderman', 'spiderman pacman', 'spider pacman', 'pacman spider', 'parrot pacman', 'spiderman rolling', 'spiderman ball', 'spider ball', 'spider rolling', 'parrot rolling', 'pacman spiderman parrot']",24,2:27,-1,13110,5080888,0,hd,False
PACMAN meets a Shark & a lot of balloons when he rolling on bridge and eats lollipops at river,"PACMAN meets a Shark & a lot of balloons when he rolling on bridge and eats lollipops at river
https://youtu.be/4MmWC1RCTog",TeeTee TV,2019-02-19T22:00:00Z,"['chupitv', 'pacman', 'fun', 'play', 'meets', 'as he finds', 'pacman watermelon', 'watermelon ball', 'pacman travel', 'farm', 'chulalatv', 'duck rolling', 'surprise box', 'shark pacman', 'shark rolling', 'shark ball', 'pacman shark', 'pacman helicoper']",24,1:41,-1,16226,9291435,0,hd,False
Pacman Watermelon rolling around river see a Dragon PACMAN meets a snake on farm found surprise box,"Pacman Watermelon rolling around river see a Dragon PACMAN meets a snake on farm found surprise box
https://youtu.be/_dBgAq0Icsw",TeeTee TV,2019-02-14T09:30:03Z,"['chupitv', 'pacman', 'fun', 'play', 'meets', 'as he finds', 'pacman watermelon', 'watermelon ball', 'pacman travel', 'farm', 'chulalatv', 'pacman ball', 'pacman rolling', 'surprise pacman', 'Excavator', 'pacman excavator', 'pacman funplay', 'pacman dragon', 'dragon pacman', 'dragon ball', 'pacman garbage truck', 'pacman fish']",27,2:18,-1,4836,2488285,0,hd,False
Watermelon Pig rolling travel around farm meets a Watermelon Ball as he find surprise box on farm,Watermelon Pig rolling travel around farm meets a Watermelon Ball as he find surprise box on farmhttps://youtu.be/wknA6xynFyE,TeeTee TV,2019-02-12T08:30:01Z,"['chupitv', 'pacman', 'fun', 'play', 'meets', 'as he finds', 'pacman watermelon', 'watermelon ball', 'pacman travel', 'farm', 'chulalatv', 'pacman ball', 'pacman rolling', 'surprise pacman', 'Excavator', 'pacman excavator', 'pacman funplay', 'pacman pig', 'pig pacman', 'pacman pig shark', 'pacman shark pig', 'pacman shark', 'shark pacman', 'pig rolling', 'shark rolling']",27,2:21,-1,13578,8026873,0,hd,False
Pacman Watermelon meets a Dolphin Pacman rolling a round on farm as he find surprise box,"Pacman Watermelon meets a Dolphin Pacman rolling a round on farm as he find surprise box
https://youtu.be/Zupx5M1kXDE",TeeTee TV,2019-02-02T08:30:01Z,"['chupitv', 'pacman', 'fun', 'play', 'meets', 'as he finds', 'pacman watermelon', 'watermelon ball', 'pacman travel', 'farm', 'chulalatv', 'pacman ball', 'pacman rolling', 'surprise pacman', 'Excavator', 'pacman excavator', 'pacman funplay', 'pacman dolphin', 'dolphin pacman', 'pacman dolphin rolling', 'dolphin pacman rolling', 'dolphin ball', 'dolphin ball rolling']",24,3:26,27,2114,1343374,0,hd,False
Watermelon Pacman around river meets a Shark-PACMAN rolling on city find see big candy surprise toys,"Learn colors with Watermelon Pacman in river meets a Shark-PACMAN rolling on city find big candy surprise toys
Chupitv is a funny cartoon channel for kids watch education video تعلم الألوان , ولعب مفاجأة , مفاجأة البيض,أشرطة الفيديو للأطفال,رسوم متحركة",TeeTee TV,2019-01-31T08:30:03Z,"['Música Cinco Macaquinhos', 'À Bébé Chanson', 'cinco macaquinhos', 'vidéos de dessins animés', 'Excavator Toys Pacman', 'five little monkeys', 'Chanson Cinq petits singes', 'Comptines Et Chansons', 'vidéos pour les enfants', 'chansons françaises', 'rimes françaises', 'comptines françaises', 'color song', 'teetee tv']",24,3:43,0,41394,14473793,0,hd,False
Spider Pacman meets a Bee-PACMAN roll on farm found Animals Friends & open surprise toys box,"Learn colors with Pacman Spider eats tomato he meets a Green BEE-PACMAN roll on farm found animals friends
Chupitv is a funny cartoon channel for kids watch education video تعلم الألوان , ولعب مفاجأة , مفاجأة البيض,أشرطة الفيديو للأطفال,رسوم متحركة",TeeTee TV,2019-01-27T13:45:01Z,"['Música Cinco Macaquinhos', 'À Bébé Chanson', 'cinco macaquinhos', 'vidéos de dessins animés', 'Excavator Toys Pacman', 'five little monkeys', 'Chanson Cinq petits singes', 'Comptines Et Chansons', 'vidéos pour les enfants', 'chansons françaises', 'rimes françaises', 'comptines françaises', 'color song', 'teetee tv']",24,10:1,23,1182,921577,0,hd,False
Watermelon Pacman meets a Butterfly Pacman rolling slide in the sky as he find surprise box in city,"Watermelon Pacman meets a Butterfly Pacman rolling slide in the sky as he find surprise box in city
https://youtu.be/FxkVqbRc6O8",TeeTee TV,2019-01-26T13:45:00Z,"['Música Cinco Macaquinhos', 'À Bébé Chanson', 'cinco macaquinhos', 'vidéos de dessins animés', 'Excavator Toys Pacman', 'five little monkeys', 'Chanson Cinq petits singes', 'Comptines Et Chansons', 'vidéos pour les enfants', 'chansons françaises', 'rimes françaises', 'comptines françaises', 'color song', 'teetee tv']",24,3:6,25,2100,1077480,0,hd,False
Pacman Watermelon meets a Mantis-PACMAN travel around city find surprise toys in tussock,"Learn colors with Watermelon Pacman meets a Mantis-PACMAN roll on farm around city find surprise toys in tussock
Chupitv is a funny cartoon channel for kids watch education video تعلم الألوان , ولعب مفاجأة , مفاجأة البيض,أشرطة الفيديو للأطفال,رسوم متحركة",TeeTee TV,2019-01-25T12:15:01Z,"['Música Cinco Macaquinhos', 'À Bébé Chanson', 'cinco macaquinhos', 'vidéos de dessins animés', 'Excavator Toys Pacman', 'five little monkeys', 'Chanson Cinq petits singes', 'Comptines Et Chansons', 'vidéos pour les enfants', 'chansons françaises', 'rimes françaises', 'comptines françaises', 'color song', 'teetee tv']",24,3:43,0,3754,2483102,0,hd,False
Red Pacman Ladybug  meets a Bunny animals Swordfish Pacman rolling on farm finds surprise box,"Red Pacman meets a Bunny, Ladybug animals Swordfish Pacman rolling on farm finds surprise box
https://youtu.be/_YyY06yIae0",TeeTee TV,2019-01-24T15:00:03Z,"['chupitv', 'pacman', 'fun', 'play', 'meets', 'as he finds', 'pacman watermelon', 'watermelon ball', 'pacman travel', 'farm', 'chulalatv', 'pacman ball', 'pacman rolling', 'surprise pacman', 'Excavator', 'pacman excavator', 'pacman funplay', 'pacman ladybug', 'pacman bug', 'pacman swordfish', 'ladybug ball', 'ladybug rolling', 'pacman truck rolling', 'pacman bunny', 'bunny pacman', 'red pacman']",24,2:9,0,807,592959,0,hd,False
Pacman Hedgehog on farm meets a he find box travel roll around mushroom village with poilice,"Pacman Hedgehog on farm meets a he find box travel roll around mushroom village with poilice
https://youtu.be/cCFwG3ctHzE",TeeTee TV,2019-01-23T09:30:02Z,"['Música Cinco Macaquinhos', 'À Bébé Chanson', 'cinco macaquinhos', 'vidéos de dessins animés', 'Excavator Toys Pacman', 'five little monkeys', 'Chanson Cinq petits singes', 'Comptines Et Chansons', 'vidéos pour les enfants', 'chansons françaises', 'rimes françaises', 'comptines françaises', 'color song', 'teetee tv']",24,10:3,0,1084,610061,0,hd,False
Pacman Turtle meets a animals friends watermelon roll around magic slide as find a eggs surprise box,"Pacman Turtle meets a animals friends watermelon roll around magic slide as find a eggs surprise box
https://youtu.be/8BcwzB4asfM",TeeTee TV,2019-01-22T08:30:00Z,"['chupitv', 'pacman', 'fun', 'play', 'meets', 'as he finds', 'pacman watermelon', 'watermelon ball', 'pacman travel', 'farm', 'surprise toys', 'chulalatv', 'duck ball', 'surprise box', 'Pacman Turtle', 'turtle ball', 'turtle pacman', 'pacman watermelon ball', 'excavator pacman', 'excavator truck']",24,3:39,0,1253,679168,0,hd,False
Watermelon Pacman fun play on city meets a Snake PACMAN travel rolling Magic Slide,"Watermelon Pacman on city meets a Snake-PACMAN travel rolling Magic Slide
#teeteetv #chupitv #pacman #watermelon #pacmanwatermelon #pacmanfunplay",TeeTee TV,2019-01-19T08:30:00Z,"['pacman', 'game', 'teeteetv', 'chupitv', 'gameplay', 'funny', 'pacman transform', 'pacman animal', 'animals pacman', 'pacman fun play', 'animal friends', 'pacman roll', 'watermelon roll', 'pacman snake', 'pacman long snake']",20,13:43,0,116444,45810516,0,hd,False
Pacman rolling travel around rainbow neon maze as he meets a snake friends,"Pacman rolling travel around rainbow neon maze as he meets a snake friends
https://youtu.be/ZeIl8auS2rM",TeeTee TV,2018-09-20T01:01:11Z,"['chupitv', 'pacman', 'fun', 'play', 'meets', 'as he finds', 'pacman watermelon', 'watermelon ball', 'pacman travel', 'farm', 'chulalatv', 'pacman ball', 'pacman rolling', 'surprise pacman', 'Excavator', 'pacman excavator', 'pacman funplay', 'pacman in maze', 'pacman rolling around maze', 'neon maze', 'pacman candy', 'pacman snake', 'rainbow maze', 'pacman snake eggs']",24,2:13,6,416,446248,0,hd,False
